"wavelength_A","o5","a1","a5","b0","b6","f0","f5","g0","k0","k5","m0","m5"
3900,0.9939,0.7065,0.7194,0.9615,0.8852,0.7771,0.7653,0.6571,0.4724,0.2709,0.2235,0.2753
3901,0.9953,0.7216,0.7475,0.97,0.9062,0.7972,0.7721,0.6633,0.4631,0.2633,0.2297,0.3034
3902,0.9922,0.7315,0.7703,0.9738,0.9253,0.806,0.7738,0.672,0.4541,0.2747,0.2378,0.3274
3903,0.9919,0.7385,0.7881,0.9732,0.9438,0.816,0.7704,0.6647,0.4521,0.2662,0.2462,0.3483
3904,0.998,0.7444,0.7929,0.9732,0.955,0.8186,0.7449,0.6555,0.4574,0.2676,0.2518,0.3446
3905,1,0.7603,0.7854,0.9724,0.9493,0.8221,0.7211,0.6486,0.4668,0.264,0.2557,0.3071
3906,0.9959,0.7839,0.7845,0.9724,0.9503,0.8267,0.7211,0.6577,0.488,0.2599,0.2571,0.2697
3907,0.9919,0.8276,0.8013,0.97,0.9608,0.8342,0.7721,0.6937,0.5106,0.2454,0.2702,0.2547
3908,0.9905,0.8545,0.8344,0.9649,0.9739,0.8571,0.8078,0.723,0.5279,0.251,0.2725,0.2622
3909,0.9851,0.8883,0.8854,0.9756,0.9744,0.8836,0.8326,0.7522,0.5467,0.2738,0.2672,0.2643
3910,0.9816,0.8747,0.904,0.9649,0.9737,0.898,0.8469,0.777,0.5559,0.2819,0.2597,0.2715
3911,0.9811,0.8814,0.9238,0.9649,0.9716,0.9107,0.8554,0.786,0.5691,0.286,0.2522,0.2734
3912,0.9783,0.8983,0.9305,0.959,0.9586,0.9031,0.8478,0.7939,0.5645,0.2939,0.2605,0.2846
3913,0.9723,0.905,0.9255,0.9623,0.9493,0.8929,0.8367,0.7984,0.5532,0.3061,0.2792,0.3071
3914,0.9682,0.9016,0.9238,0.9717,0.9646,0.8865,0.8274,0.7984,0.5339,0.3082,0.3009,0.324
3915,0.963,0.8949,0.9172,0.9954,0.9972,0.8852,0.821,0.7934,0.5193,0.3224,0.3123,0.3483
3916,0.9608,0.8859,0.8957,1,1,0.8789,0.8098,0.7845,0.5003,0.3174,0.3179,0.3532
3917,0.9581,0.8764,0.904,0.9928,0.9928,0.8686,0.7955,0.7793,0.4801,0.2957,0.3032,0.3371
3918,0.9553,0.8949,0.9083,0.9755,0.9885,0.8622,0.7747,0.7613,0.4515,0.2589,0.2762,0.3071
3919,0.9472,0.9242,0.9189,0.9623,0.9852,0.8584,0.7738,0.7325,0.4309,0.2306,0.2582,0.2846
3920,0.9256,0.9259,0.9315,0.9492,0.9781,0.8673,0.7768,0.7027,0.4122,0.2102,0.2447,0.2846
3921,0.9202,0.9344,0.947,0.9412,0.9761,0.8724,0.7755,0.6802,0.4122,0.2041,0.2417,0.2584
3922,0.9175,0.942,0.9735,0.9335,0.99,0.8776,0.7721,0.6699,0.4202,0.1969,0.237,0.2322
3923,0.9184,0.9645,0.9758,0.9279,0.9973,0.8796,0.7585,0.6736,0.4197,0.1924,0.2354,0.2197
3924,0.9147,0.9622,0.9768,0.9187,0.9943,0.8699,0.733,0.675,0.3989,0.1969,0.2368,0.2172
3925,0.9083,0.9386,0.957,0.9131,0.9828,0.852,0.7168,0.6689,0.3662,0.2041,0.2387,0.2622
3926,0.906,0.9252,0.9305,0.9103,0.9766,0.824,0.6803,0.6441,0.3369,0.1929,0.2286,0.2884
3927,0.906,0.9117,0.8825,0.9109,0.9771,0.7704,0.6293,0.6081,0.3055,0.1684,0.2051,0.2659
3928,0.912,0.8949,0.8195,0.9039,0.9785,0.6964,0.5502,0.5631,0.2846,0.1408,0.1848,0.2426
3929,0.912,0.8537,0.7628,0.8896,0.9742,0.6218,0.4711,0.5023,0.2739,0.1153,0.1591,0.2372
3930,0.9137,0.8002,0.7028,0.8714,0.9643,0.5482,0.4102,0.4479,0.264,0.096,0.1523,0.232
3931,0.8999,0.7326,0.6411,0.8608,0.9474,0.4592,0.3537,0.3964,0.2707,0.0816,0.1471,0.2327
3932,0.889,0.6594,0.5596,0.8532,0.9302,0.4184,0.3061,0.3401,0.2791,0.075,0.1711,0.2346
3933,0.8769,0.6527,0.5298,0.8481,0.9311,0.4184,0.2993,0.3063,0.2793,0.0628,0.1831,0.2331
3934,0.8674,0.693,0.5298,0.8616,0.9349,0.4286,0.3197,0.3063,0.2793,0.0612,0.1816,0.2322
3935,0.8769,0.7738,0.6134,0.8802,0.9446,0.4515,0.369,0.3378,0.2793,0.0724,0.1796,0.2346
3936,0.8931,0.8343,0.6829,0.8904,0.9516,0.5306,0.4226,0.3826,0.2912,0.0949,0.1833,0.2444
3937,0.9132,0.8816,0.7508,0.9047,0.9596,0.6146,0.4883,0.4267,0.3096,0.1139,0.188,0.2557
3938,0.9296,0.9117,0.8046,0.9209,0.9684,0.6811,0.5485,0.4783,0.3334,0.1357,0.1916,0.2556
3939,0.9432,0.9252,0.8609,0.9251,0.9876,0.7551,0.6088,0.5225,0.3597,0.1469,0.2,0.2484
3940,0.9499,0.9143,0.8874,0.9213,0.9972,0.801,0.6565,0.5518,0.3797,0.151,0.2042,0.25
3941,0.9452,0.9042,0.8576,0.9213,0.9885,0.8061,0.6837,0.5788,0.3886,0.1612,0.1907,0.2322
3942,0.9364,0.8924,0.8576,0.9276,0.9771,0.7985,0.7041,0.5923,0.4016,0.1737,0.1741,0.2219
3943,0.9337,0.885,0.8626,0.931,0.9723,0.799,0.7185,0.6036,0.4159,0.1876,0.173,0.2022
3944,0.9356,0.8807,0.8761,0.9291,0.9852,0.8049,0.7391,0.6111,0.4377,0.2007,0.1937,0.1999
3945,0.9337,0.8846,0.8808,0.9209,0.9857,0.8119,0.75,0.6326,0.4603,0.2112,0.2102,0.2121
3946,0.9215,0.8764,0.8791,0.9209,0.9832,0.8265,0.7534,0.6562,0.4797,0.2235,0.2284,0.2355
3947,0.9188,0.8596,0.8642,0.9243,0.9749,0.8343,0.7597,0.6768,0.4927,0.2347,0.2485,0.2509
3948,0.9296,0.8512,0.8477,0.931,0.9684,0.8339,0.7703,0.692,0.5068,0.2571,0.2687,0.2566
3949,0.935,0.8444,0.8344,0.9293,0.955,0.832,0.7826,0.7072,0.518,0.2673,0.2846,0.2697
3950,0.931,0.8411,0.8253,0.9259,0.9474,0.8304,0.7951,0.7196,0.5319,0.2755,0.2989,0.2921
3951,0.9184,0.8348,0.8221,0.9321,0.9488,0.8344,0.8,0.7262,0.5424,0.2831,0.3129,0.3187
3952,0.9073,0.8158,0.8187,0.9336,0.9378,0.8316,0.8027,0.7275,0.5465,0.2796,0.2912,0.3296
3953,0.8972,0.8032,0.8121,0.9243,0.9225,0.8189,0.801,0.7196,0.5419,0.2847,0.2642,0.3184
3954,0.8928,0.7931,0.8089,0.9175,0.9015,0.8048,0.8027,0.7089,0.5332,0.2918,0.2361,0.2996
3955,0.8943,0.7822,0.7907,0.9133,0.8881,0.8023,0.7687,0.6993,0.5248,0.2939,0.2169,0.2968
3956,0.8972,0.7637,0.7691,0.9082,0.8756,0.7889,0.7619,0.6847,0.5143,0.2918,0.1978,0.2978
3957,0.8999,0.7284,0.7517,0.9035,0.8651,0.771,0.7585,0.6757,0.5066,0.2939,0.1786,0.2753
3958,0.9041,0.7055,0.741,0.8904,0.8525,0.7575,0.7655,0.666,0.4873,0.2924,0.1564,0.2288
3959,0.91,0.688,0.731,0.8802,0.8306,0.7283,0.7551,0.6577,0.4415,0.2837,0.1591,0.1835
3960,0.9066,0.6518,0.7086,0.8684,0.7983,0.7079,0.7415,0.6216,0.3856,0.2638,0.1494,0.1536
3961,0.8917,0.6056,0.6755,0.8515,0.7699,0.6913,0.6939,0.5788,0.359,0.237,0.1479,0.1573
3962,0.8701,0.5694,0.6333,0.8303,0.7361,0.6582,0.6259,0.527,0.3351,0.2051,0.1539,0.1685
3963,0.859,0.54,0.5762,0.8024,0.6967,0.6148,0.5636,0.4859,0.3284,0.177,0.1651,0.206
3964,0.852,0.5114,0.5364,0.7658,0.6469,0.5561,0.5134,0.4448,0.3115,0.151,0.1771,0.2285
3965,0.8403,0.4664,0.5005,0.7278,0.5954,0.5001,0.4636,0.4013,0.3019,0.1324,0.1814,0.2597
3966,0.8065,0.4172,0.447,0.6898,0.5302,0.4362,0.4031,0.3559,0.3035,0.1179,0.1831,0.2537
3967,0.7578,0.3768,0.3808,0.6602,0.4555,0.3724,0.3673,0.3086,0.3188,0.1042,0.1892,0.2416
3968,0.7199,0.3432,0.3377,0.65,0.4134,0.3265,0.3265,0.2703,0.33,0.0959,0.1982,0.2472
3969,0.6874,0.3297,0.3245,0.6365,0.3828,0.3367,0.3265,0.2613,0.3394,0.0959,0.2162,0.264
3970,0.6982,0.3432,0.351,0.65,0.4134,0.3724,0.3673,0.2748,0.3544,0.1051,0.2252,0.2856
3971,0.7064,0.3667,0.3874,0.6708,0.4431,0.426,0.4286,0.3041,0.3707,0.1204,0.2349,0.3006
3972,0.7242,0.4073,0.4247,0.707,0.4958,0.4876,0.4855,0.3382,0.3949,0.1395,0.2419,0.3186
3973,0.751,0.4559,0.4764,0.7423,0.5512,0.5485,0.5425,0.3829,0.4232,0.1653,0.264,0.3371
3974,0.7862,0.4996,0.5331,0.777,0.6067,0.5982,0.6003,0.4302,0.4561,0.1898,0.2865,0.359
3975,0.8241,0.5349,0.5803,0.8125,0.6479,0.6454,0.6429,0.482,0.4854,0.2347,0.2942,0.3818
3976,0.8498,0.5568,0.6233,0.8447,0.6933,0.6926,0.6832,0.5349,0.5306,0.2714,0.3093,0.4045
3977,0.8633,0.5862,0.6589,0.8633,0.733,0.7283,0.7202,0.5833,0.5638,0.301,0.307,0.4157
3978,0.8647,0.6266,0.6921,0.8684,0.7649,0.7628,0.7551,0.6306,0.5904,0.3071,0.3145,0.4157
3979,0.8675,0.6581,0.7088,0.8612,0.7906,0.7834,0.7799,0.6691,0.5953,0.322,0.3105,0.4087
3980,0.8674,0.683,0.7232,0.8532,0.8184,0.8007,0.7959,0.705,0.6011,0.3398,0.3288,0.4157
3981,0.8664,0.6956,0.7333,0.8532,0.856,0.8064,0.7942,0.732,0.6037,0.3582,0.3378,0.4419
3982,0.8674,0.7082,0.7475,0.8633,0.8823,0.8189,0.7806,0.7434,0.6037,0.3753,0.3483,0.4551
3983,0.8755,0.7242,0.7624,0.8718,0.8976,0.8367,0.7721,0.7502,0.6024,0.3835,0.3588,0.4466
3984,0.8762,0.7448,0.7848,0.8764,0.9015,0.8501,0.7721,0.7525,0.6084,0.3874,0.3573,0.4419
3985,0.8762,0.7676,0.8162,0.8709,0.9139,0.8603,0.7925,0.7607,0.6237,0.3976,0.3535,0.4429
3986,0.8746,0.7912,0.8426,0.8702,0.9212,0.8688,0.8057,0.7677,0.6367,0.4242,0.3517,0.4567
3987,0.8687,0.8109,0.8584,0.865,0.9268,0.8776,0.8163,0.7765,0.6516,0.4388,0.3565,0.4752
3988,0.8654,0.8297,0.8659,0.8582,0.9225,0.8865,0.8257,0.7973,0.6582,0.4551,0.3543,0.4682
3989,0.8654,0.8449,0.8742,0.8599,0.9187,0.9056,0.8469,0.8221,0.6596,0.4592,0.3532,0.4448
3990,0.8654,0.855,0.904,0.8667,0.9263,0.926,0.8707,0.8401,0.6715,0.4551,0.3569,0.4429
3991,0.8606,0.8638,0.904,0.8769,0.9283,0.9388,0.881,0.8519,0.6702,0.4531,0.3594,0.4438
3992,0.8552,0.8739,0.9143,0.8811,0.9302,0.949,0.8895,0.8592,0.6715,0.4592,0.3603,0.4434
3993,0.8527,0.8802,0.9181,0.8773,0.9279,0.9392,0.8874,0.8707,0.6621,0.4558,0.3587,0.4436
3994,0.8633,0.884,0.9073,0.8709,0.928,0.9281,0.8812,0.8784,0.6476,0.449,0.3468,0.4391
3995,0.8728,0.8878,0.8924,0.8468,0.9377,0.9121,0.8754,0.8784,0.633,0.4416,0.3291,0.4532
3996,0.8742,0.9025,0.8841,0.8426,0.9302,0.9056,0.8703,0.8657,0.6356,0.4612,0.3243,0.4625
3997,0.8674,0.9106,0.894,0.8536,0.9187,0.9056,0.8639,0.8578,0.6516,0.4658,0.3348,0.4682
3998,0.8512,0.9126,0.9089,0.8595,0.9129,0.9204,0.8673,0.8615,0.6676,0.4776,0.3505,0.4691
3999,0.843,0.9092,0.9263,0.8667,0.9302,0.9353,0.8797,0.8818,0.6789,0.4959,0.3678,0.4675
4000,0.8399,0.91,0.9367,0.8606,0.9407,0.9618,0.8922,0.8929,0.7016,0.5104,0.3882,0.4698
4001,0.843,0.9159,0.9305,0.8549,0.9493,0.9592,0.9082,0.9032,0.6968,0.5184,0.3948,0.4722
4002,0.843,0.9235,0.9222,0.8422,0.9464,0.9643,0.9048,0.8975,0.6809,0.5143,0.3971,0.4788
4003,0.8442,0.9151,0.9106,0.8337,0.9407,0.9452,0.8912,0.8882,0.6596,0.5071,0.3993,0.4871
4004,0.8468,0.905,0.9031,0.8328,0.9426,0.926,0.8639,0.8744,0.6489,0.4806,0.3918,0.496
4005,0.8491,0.9218,0.9089,0.8375,0.9458,0.9286,0.8537,0.8563,0.6676,0.4571,0.3873,0.5056
4006,0.8522,0.9622,0.9222,0.8415,0.9484,0.926,0.8724,0.8514,0.6862,0.449,0.3708,0.514
4007,0.8546,0.9839,0.9362,0.8463,0.9529,0.9442,0.8771,0.8514,0.7102,0.4461,0.3686,0.5267
4008,0.8559,0.979,0.9503,0.8489,0.957,0.9834,0.9048,0.8723,0.734,0.4735,0.3851,0.5468
4009,0.8512,0.9521,0.9578,0.8472,0.9627,1,0.9184,0.8908,0.742,0.4918,0.3948,0.5618
4010,0.8457,0.9372,0.957,0.8481,0.957,0.9809,0.9286,0.9077,0.7445,0.4847,0.4102,0.5543
4011,0.8468,0.9393,0.9545,0.8498,0.9455,0.9694,0.9337,0.92,0.7425,0.4837,0.4172,0.5496
4012,0.8464,0.9529,0.9574,0.8582,0.946,0.9595,0.9362,0.9251,0.7422,0.498,0.4288,0.5506
4013,0.8451,0.9592,0.9586,0.8612,0.9472,0.9601,0.9294,0.9322,0.739,0.5367,0.4309,0.5455
4014,0.8446,0.9683,0.9605,0.8654,0.9481,0.9536,0.9204,0.9398,0.7319,0.5563,0.4288,0.5305
4015,0.8515,0.9811,0.9611,0.8743,0.9455,0.9636,0.9133,0.9527,0.7154,0.5633,0.4175,0.5129
4016,0.8613,0.9874,0.9752,0.8599,0.9395,0.9662,0.9174,0.9606,0.7128,0.5643,0.4002,0.5061
4017,0.8687,0.9874,0.9901,0.8345,0.9335,0.9758,0.926,0.9656,0.7241,0.5541,0.3873,0.5192
4018,0.8701,0.9807,1,0.821,0.9287,0.9809,0.9347,0.9685,0.7314,0.5429,0.3813,0.5215
4019,0.8667,0.9857,0.9959,0.8138,0.9206,0.9812,0.9358,0.9691,0.7367,0.5327,0.3693,0.5187
4020,0.8606,0.9925,0.9917,0.8036,0.9053,0.9785,0.9324,0.9688,0.7367,0.5245,0.3618,0.4906
4021,0.8518,1,0.9856,0.8023,0.9084,0.9776,0.9329,0.9652,0.7366,0.5141,0.3673,0.4816
4022,0.8336,0.9857,0.9768,0.7761,0.9082,0.9751,0.932,0.96,0.7394,0.5082,0.3813,0.4757
4023,0.8163,0.9731,0.9636,0.7575,0.9163,0.9732,0.9235,0.9578,0.742,0.5082,0.3858,0.4785
4024,0.8038,0.974,0.957,0.7414,0.9249,0.9726,0.9252,0.9617,0.7573,0.5204,0.3888,0.4757
4025,0.793,0.9723,0.9603,0.7381,0.9324,0.9751,0.9379,0.9628,0.7626,0.5276,0.4083,0.471
4026,0.7848,0.9622,0.9685,0.7431,0.9378,0.9767,0.9286,0.9628,0.7527,0.5207,0.4143,0.4588
4027,0.7825,0.9538,0.9785,0.7538,0.9378,0.9796,0.9184,0.9583,0.7088,0.5128,0.4053,0.4607
4028,0.7903,0.956,0.9744,0.7659,0.9354,0.9679,0.9368,0.9531,0.6773,0.5035,0.372,0.4567
4029,0.7959,0.9521,0.9586,0.7774,0.9302,0.9541,0.9065,0.9392,0.6503,0.4939,0.3243,0.4287
4030,0.8012,0.942,0.9454,0.7878,0.9273,0.9311,0.8588,0.9099,0.6277,0.4663,0.2942,0.4047
4031,0.8065,0.9286,0.9396,0.7971,0.9273,0.9196,0.8537,0.8851,0.6117,0.4306,0.3002,0.3858
4032,0.8065,0.9269,0.9421,0.8047,0.9302,0.9209,0.8639,0.8604,0.6223,0.402,0.3183,0.3708
4033,0.7876,0.9412,0.9503,0.8125,0.9251,0.9375,0.8926,0.8559,0.6619,0.4,0.367,0.4064
4034,0.774,0.9626,0.9578,0.8265,0.9117,0.9534,0.9118,0.8514,0.7145,0.4041,0.4106,0.4419
4035,0.7889,0.9782,0.974,0.8291,0.9125,0.9636,0.9294,0.885,0.7472,0.4222,0.4531,0.4854
4036,0.7984,0.9836,0.995,0.8286,0.9172,0.9821,0.9439,0.92,0.7872,0.4561,0.4864,0.5169
4037,0.8214,0.991,1,0.824,0.9321,0.9892,0.949,0.9628,0.7694,0.4969,0.5044,0.5243
4038,0.8254,0.9967,0.9901,0.8227,0.9397,0.9936,0.9541,0.9955,0.7563,0.5306,0.5014,0.529
4039,0.8268,0.9975,0.9702,0.8269,0.9416,0.9943,0.9481,1,0.7377,0.5265,0.4864,0.5318
4040,0.8227,0.9891,0.9677,0.821,0.9359,0.9923,0.9413,0.9876,0.7154,0.5153,0.4669,0.5243
4041,0.8248,0.9656,0.9578,0.8172,0.9283,0.9834,0.9294,0.9707,0.6862,0.5015,0.4384,0.5117
4042,0.8246,0.9422,0.9511,0.8082,0.9158,0.9658,0.93,0.9544,0.6517,0.4774,0.4055,0.4892
4043,0.8173,0.9445,0.9392,0.8108,0.9235,0.9579,0.9048,0.9212,0.5904,0.4449,0.3873,0.4641
4044,0.8126,0.9428,0.9255,0.8121,0.9216,0.9426,0.8878,0.8896,0.5691,0.3888,0.3633,0.4373
4045,0.8119,0.9471,0.9189,0.817,0.9168,0.9337,0.8639,0.8378,0.6097,0.351,0.3648,0.412
4046,0.8112,0.9571,0.9255,0.8223,0.911,0.9362,0.8639,0.8198,0.6509,0.351,0.3768,0.4195
4047,0.8214,0.9555,0.9445,0.8308,0.9034,0.9605,0.8912,0.8401,0.6915,0.3959,0.3971,0.4551
4048,0.8309,0.9546,0.9586,0.8453,0.9042,0.9783,0.9243,0.8885,0.734,0.4388,0.4192,0.4981
4049,0.8399,0.9716,0.9661,0.8565,0.9138,0.9888,0.9504,0.9341,0.7423,0.4914,0.4422,0.5343
4050,0.8484,0.9874,0.9694,0.8582,0.9245,0.9796,0.9592,0.9459,0.7447,0.5449,0.4665,0.5581
4051,0.8417,0.9857,0.9652,0.8523,0.9283,0.9681,0.9592,0.9499,0.7286,0.5796,0.4744,0.573
4052,0.8349,0.9622,0.9594,0.8447,0.9187,0.9477,0.9439,0.9296,0.7068,0.5592,0.4714,0.5702
4053,0.8417,0.9538,0.952,0.8388,0.9091,0.9247,0.9226,0.9155,0.689,0.5388,0.4579,0.5515
4054,0.839,0.942,0.9404,0.8371,0.8976,0.9158,0.9065,0.9032,0.6795,0.5061,0.4361,0.5281
4055,0.8363,0.9218,0.9321,0.8362,0.889,0.9152,0.8878,0.8919,0.6715,0.4745,0.4309,0.5206
4056,0.8322,0.9062,0.9255,0.8332,0.8855,0.9223,0.8806,0.8863,0.6661,0.4483,0.4366,0.5145
4057,0.8295,0.9252,0.9338,0.8281,0.8842,0.9292,0.8844,0.8837,0.6782,0.4327,0.4459,0.5262
4058,0.8261,0.9555,0.9437,0.8345,0.8852,0.9362,0.9031,0.8838,0.6782,0.4265,0.4474,0.5281
4059,0.8281,0.9656,0.9611,0.8405,0.8823,0.942,0.9065,0.8784,0.6676,0.4286,0.435,0.5318
4060,0.8336,0.9555,0.9727,0.8447,0.8766,0.9458,0.9184,0.8739,0.6516,0.4449,0.4192,0.5243
4061,0.8346,0.9374,0.9652,0.8438,0.8747,0.9391,0.9082,0.8626,0.633,0.4286,0.4053,0.5004
4062,0.8345,0.9109,0.9363,0.8417,0.878,0.9211,0.8946,0.8401,0.609,0.4245,0.3993,0.4819
4063,0.8337,0.8802,0.9199,0.8416,0.8808,0.9134,0.872,0.8226,0.613,0.3932,0.3955,0.455
4064,0.8339,0.9,0.9056,0.8379,0.8885,0.9082,0.881,0.8221,0.6383,0.3959,0.4083,0.4466
4065,0.8322,0.9235,0.8789,0.8299,0.8909,0.9056,0.8831,0.8288,0.6602,0.4,0.4098,0.4307
4066,0.8271,0.9218,0.8675,0.8168,0.8914,0.9094,0.895,0.839,0.6915,0.4204,0.4068,0.4223
4067,0.819,0.9067,0.8576,0.8032,0.8948,0.9241,0.9056,0.8514,0.7148,0.4469,0.4151,0.4298
4068,0.8119,0.868,0.8808,0.7888,0.8991,0.9503,0.9303,0.8592,0.6995,0.4694,0.4211,0.4448
4069,0.8065,0.8613,0.8974,0.7757,0.8967,0.9455,0.9226,0.8626,0.6749,0.4653,0.4203,0.4532
4070,0.8046,0.8636,0.9213,0.7665,0.8943,0.9306,0.9058,0.8584,0.6635,0.4492,0.4177,0.4596
4071,0.8058,0.8646,0.9106,0.7634,0.889,0.9152,0.8886,0.8446,0.6702,0.4367,0.4158,0.4672
4072,0.8072,0.8545,0.899,0.7668,0.884,0.9107,0.8759,0.8333,0.6782,0.4403,0.4324,0.4738
4073,0.8038,0.8478,0.8825,0.7724,0.8766,0.9056,0.8554,0.8311,0.6928,0.4531,0.4504,0.4738
4074,0.8001,0.8074,0.8659,0.7809,0.867,0.8954,0.8622,0.8401,0.6596,0.4658,0.4384,0.4654
4075,0.7997,0.7805,0.8411,0.7903,0.8584,0.8827,0.8401,0.8378,0.6423,0.449,0.4203,0.4551
4076,0.7994,0.7755,0.8195,0.799,0.8517,0.8622,0.8333,0.8333,0.6436,0.4163,0.4023,0.4443
4077,0.7989,0.7869,0.7904,0.8023,0.8384,0.8451,0.8257,0.82,0.6402,0.4047,0.3942,0.4356
4078,0.7975,0.7898,0.798,0.8066,0.844,0.8469,0.8333,0.8198,0.6765,0.4082,0.4106,0.4276
4079,0.7945,0.7885,0.8071,0.8015,0.8574,0.8724,0.8537,0.8322,0.7031,0.4398,0.4211,0.4232
4080,0.7936,0.7844,0.8286,0.7922,0.8727,0.8929,0.8673,0.8626,0.7261,0.4745,0.4324,0.4316
4081,0.7936,0.7803,0.8419,0.7821,0.8689,0.8878,0.8878,0.8891,0.7327,0.5082,0.4369,0.4522
4082,0.7928,0.7762,0.8394,0.7753,0.8498,0.8724,0.8741,0.9009,0.7354,0.5276,0.4429,0.4738
4083,0.794,0.7738,0.8342,0.7706,0.8326,0.8495,0.8759,0.8896,0.7367,0.5362,0.4519,0.4794
4084,0.7984,0.758,0.8235,0.7671,0.8195,0.8423,0.8694,0.8736,0.7486,0.5451,0.4658,0.4841
4085,0.8015,0.7435,0.8113,0.7664,0.8072,0.8469,0.8733,0.8604,0.7739,0.5515,0.4819,0.4719
4086,0.7963,0.72,0.803,0.7643,0.8,0.852,0.8852,0.8559,0.7926,0.5684,0.4924,0.4682
4087,0.7896,0.7065,0.7906,0.7593,0.7962,0.8699,0.8903,0.8784,0.7979,0.5903,0.5014,0.4794
4088,0.7869,0.7048,0.7748,0.7545,0.7962,0.875,0.9018,0.8986,0.8005,0.6122,0.4939,0.4906
4089,0.7892,0.6863,0.7533,0.7494,0.7847,0.8673,0.8895,0.9054,0.7965,0.6122,0.4924,0.4972
4090,0.794,0.6594,0.7334,0.7448,0.7771,0.8374,0.8839,0.8863,0.7872,0.6122,0.4815,0.4963
4091,0.7941,0.6259,0.7069,0.7379,0.7529,0.8128,0.8718,0.8644,0.7785,0.5989,0.4702,0.4896
4092,0.7876,0.6014,0.6829,0.7262,0.722,0.786,0.8576,0.8446,0.7716,0.5796,0.4582,0.4897
4093,0.7808,0.5888,0.6531,0.7177,0.6793,0.765,0.8503,0.8288,0.7583,0.5546,0.444,0.4897
4094,0.7781,0.5686,0.6217,0.7118,0.643,0.736,0.8231,0.8176,0.7394,0.5378,0.4297,0.4794
4095,0.7713,0.5484,0.5828,0.7025,0.6049,0.7003,0.7934,0.7995,0.7197,0.5194,0.4173,0.4663
4096,0.7591,0.4958,0.5418,0.6737,0.5589,0.6556,0.75,0.7669,0.7101,0.5041,0.4113,0.4611
4097,0.7334,0.4475,0.5025,0.6365,0.512,0.6116,0.7032,0.7331,0.6981,0.4923,0.4068,0.4597
4098,0.7151,0.3968,0.4545,0.6135,0.4706,0.5698,0.6755,0.7059,0.6879,0.4828,0.4075,0.4567
4099,0.6631,0.3533,0.3957,0.5755,0.4097,0.5,0.6054,0.6693,0.6596,0.4781,0.4091,0.4429
4100,0.6441,0.3364,0.3642,0.5654,0.3904,0.4643,0.5952,0.6433,0.6596,0.4694,0.4121,0.4532
4101,0.6387,0.3331,0.3775,0.5671,0.3981,0.4898,0.5782,0.6171,0.6596,0.4694,0.4113,0.4738
4102,0.6171,0.3533,0.404,0.5637,0.3981,0.5102,0.5986,0.6036,0.6702,0.4796,0.4233,0.4719
4103,0.6279,0.3566,0.4354,0.5552,0.4191,0.543,0.5952,0.6171,0.6848,0.4969,0.4324,0.4625
4104,0.6482,0.3907,0.4702,0.5705,0.4555,0.573,0.6293,0.6475,0.7061,0.5133,0.4459,0.4588
4105,0.6708,0.4281,0.515,0.617,0.5172,0.6358,0.687,0.6942,0.7235,0.5305,0.4572,0.466
4106,0.7077,0.4723,0.5455,0.6466,0.5627,0.6582,0.7211,0.7475,0.7304,0.5327,0.471,0.4775
4107,0.7226,0.5046,0.5791,0.6653,0.6081,0.7031,0.7517,0.7883,0.739,0.5393,0.4744,0.485
4108,0.7403,0.5332,0.608,0.6826,0.6431,0.7284,0.7585,0.7973,0.7477,0.5367,0.4661,0.5019
4109,0.7421,0.5669,0.6349,0.6932,0.6809,0.7589,0.7806,0.8063,0.7533,0.5357,0.4526,0.5037
4110,0.7501,0.5854,0.6606,0.7103,0.7196,0.7857,0.7993,0.8018,0.764,0.5347,0.4256,0.5001
4111,0.7517,0.6073,0.6805,0.7169,0.7433,0.8093,0.8248,0.8153,0.7773,0.5367,0.4173,0.4764
4112,0.7627,0.6245,0.6869,0.7189,0.7515,0.8132,0.867,0.8333,0.7995,0.5199,0.4219,0.4558
4113,0.7601,0.6729,0.7202,0.7173,0.773,0.8291,0.8878,0.8609,0.8258,0.5286,0.4378,0.4457
4114,0.7613,0.6813,0.7409,0.7205,0.7771,0.838,0.9082,0.8789,0.8165,0.5194,0.4399,0.4455
4115,0.762,0.6914,0.758,0.7237,0.7713,0.8431,0.915,0.8975,0.7926,0.5306,0.4472,0.4642
4116,0.7637,0.6947,0.7757,0.7245,0.7694,0.8482,0.9099,0.9144,0.7686,0.5224,0.4476,0.4731
4117,0.7647,0.7149,0.801,0.711,0.779,0.8571,0.9056,0.9279,0.766,0.5122,0.442,0.4766
4118,0.7679,0.738,0.8113,0.7063,0.7828,0.8648,0.8992,0.9248,0.768,0.5041,0.4504,0.4792
4119,0.7742,0.7576,0.7988,0.7201,0.7906,0.8692,0.8896,0.9167,0.7711,0.4791,0.4699,0.4837
4120,0.7767,0.7738,0.7881,0.7266,0.7971,0.8635,0.9014,0.9139,0.7686,0.4888,0.4886,0.4855
4121,0.774,0.7805,0.7848,0.7372,0.8029,0.8731,0.9007,0.9136,0.773,0.4847,0.4909,0.4892
4122,0.7676,0.7687,0.7873,0.7431,0.8,0.8712,0.8939,0.9123,0.7741,0.4929,0.4744,0.4925
4123,0.7625,0.7772,0.7997,0.755,0.8029,0.8827,0.8907,0.9136,0.7805,0.4959,0.4736,0.5037
4124,0.7625,0.7957,0.8092,0.7617,0.7991,0.8788,0.8869,0.9136,0.7859,0.4968,0.4676,0.5075
4125,0.7612,0.8041,0.8166,0.7685,0.7916,0.8788,0.8861,0.9153,0.7859,0.4932,0.4661,0.5056
4126,0.7694,0.7808,0.823,0.7677,0.7778,0.8721,0.8706,0.905,0.7673,0.4929,0.4535,0.5069
4127,0.7618,0.7788,0.8262,0.7685,0.7613,0.8673,0.8741,0.896,0.7646,0.4893,0.4522,0.4893
4128,0.7659,0.783,0.827,0.7634,0.756,0.8699,0.8776,0.893,0.7487,0.4811,0.4467,0.4783
4129,0.7666,0.7994,0.8262,0.7558,0.7617,0.8839,0.8895,0.8986,0.7367,0.4614,0.4384,0.4682
4130,0.7652,0.808,0.8245,0.7537,0.7694,0.8801,0.8895,0.8998,0.7128,0.4478,0.4218,0.4644
4131,0.7625,0.8154,0.8245,0.7501,0.7816,0.882,0.8776,0.8874,0.6809,0.4286,0.4038,0.4663
4132,0.7639,0.8251,0.8278,0.7503,0.7908,0.8878,0.8878,0.8784,0.6782,0.4276,0.4023,0.47
4133,0.7665,0.839,0.8356,0.7481,0.8074,0.8836,0.8683,0.8688,0.7159,0.3966,0.4232,0.4672
4134,0.7723,0.8554,0.8477,0.7531,0.8019,0.8954,0.915,0.8874,0.758,0.4082,0.4384,0.4654
4135,0.77,0.8646,0.8675,0.7554,0.8082,0.9107,0.9154,0.8865,0.7793,0.4163,0.4534,0.47
4136,0.7659,0.8545,0.9007,0.7584,0.8172,0.9388,0.9337,0.9062,0.7872,0.4551,0.4804,0.4813
4137,0.7591,0.8478,0.9305,0.7567,0.8249,0.9566,0.9473,0.9237,0.7965,0.4694,0.4924,0.4869
4138,0.7483,0.8697,0.947,0.7567,0.8416,0.9821,0.9609,0.9572,0.8032,0.4796,0.5044,0.4869
4139,0.747,0.9,0.9474,0.7482,0.8429,0.977,0.9609,0.964,0.7871,0.4714,0.4796,0.4794
4140,0.7527,0.9067,0.9325,0.7296,0.8316,0.9651,0.9622,0.9722,0.7453,0.4745,0.4388,0.4693
4141,0.7571,0.8943,0.9276,0.7187,0.8272,0.9401,0.9447,0.9459,0.7088,0.4265,0.4263,0.4719
4142,0.7593,0.8645,0.9189,0.7072,0.823,0.9375,0.9405,0.9324,0.6968,0.4102,0.4143,0.4757
4143,0.7581,0.8545,0.9106,0.7,0.8172,0.9235,0.9252,0.9234,0.7088,0.4041,0.4098,0.4813
4144,0.7587,0.8545,0.9089,0.6923,0.8201,0.9184,0.9235,0.9189,0.7327,0.3755,0.4218,0.4963
4145,0.7577,0.8697,0.9205,0.6805,0.8316,0.9413,0.9269,0.9178,0.7699,0.3898,0.4384,0.5281
4146,0.7567,0.8798,0.9205,0.6818,0.8343,0.9592,0.932,0.9077,0.7859,0.398,0.4534,0.5468
4147,0.7546,0.8977,0.9153,0.7076,0.8215,0.9643,0.9347,0.9386,0.7636,0.4145,0.469,0.5541
4148,0.7551,0.8781,0.8974,0.7203,0.8068,0.9557,0.9303,0.9347,0.758,0.4102,0.4643,0.541
4149,0.7547,0.8865,0.894,0.727,0.8153,0.9574,0.9303,0.9347,0.7527,0.4102,0.4754,0.5513
4150,0.7514,0.8966,0.9007,0.7381,0.8402,0.9566,0.9311,0.924,0.7527,0.3959,0.4787,0.5431
4151,0.7561,0.9016,0.9106,0.7414,0.8546,0.949,0.9277,0.911,0.7473,0.3939,0.4826,0.5468
4152,0.7568,0.8949,0.9172,0.7474,0.851,0.933,0.9243,0.9022,0.7367,0.398,0.4841,0.5243
4153,0.7586,0.8899,0.9123,0.7423,0.8376,0.912,0.9158,0.8894,0.7261,0.3959,0.4883,0.5159
4154,0.7589,0.8958,0.8901,0.735,0.8323,0.899,0.8955,0.8752,0.7149,0.3964,0.4974,0.5246
4155,0.7605,0.8747,0.8808,0.7353,0.8239,0.8903,0.8776,0.866,0.7207,0.3898,0.4999,0.5309
4156,0.7601,0.8747,0.8775,0.7311,0.8196,0.8903,0.8776,0.8671,0.7214,0.4082,0.5119,0.5393
4157,0.7551,0.873,0.8825,0.7296,0.8216,0.9056,0.8971,0.8716,0.7473,0.4184,0.5284,0.5506
4158,0.753,0.8848,0.8907,0.7245,0.8201,0.9056,0.9099,0.8806,0.7686,0.4367,0.5479,0.5581
4159,0.7481,0.8726,0.9007,0.7194,0.8259,0.921,0.9168,0.8874,0.7846,0.449,0.5585,0.5599
4160,0.7469,0.8785,0.9089,0.7228,0.8287,0.9391,0.9226,0.9054,0.794,0.4571,0.5524,0.5534
4161,0.7399,0.8859,0.9111,0.7296,0.8269,0.9529,0.93,0.9382,0.7965,0.461,0.5399,0.544
4162,0.747,0.9012,0.9089,0.7381,0.8249,0.97,0.9349,0.9505,0.812,0.4582,0.5284,0.53
4163,0.7432,0.9025,0.9139,0.7381,0.8239,0.9622,0.9439,0.9628,0.8138,0.4597,0.5134,0.5225
4164,0.7362,0.8966,0.9205,0.7397,0.8182,0.9673,0.9626,0.9685,0.8049,0.4551,0.4924,0.5169
4165,0.7314,0.8966,0.9243,0.733,0.8168,0.9507,0.9677,0.9707,0.7959,0.4464,0.4864,0.515
4166,0.7278,0.9033,0.9296,0.727,0.8005,0.9595,0.9668,0.9651,0.7876,0.4413,0.4789,0.5075
4167,0.7243,0.8949,0.923,0.7186,0.7981,0.949,0.9443,0.9555,0.7753,0.4388,0.4744,0.5094
4168,0.717,0.8963,0.9274,0.7076,0.8236,0.9658,0.9386,0.9402,0.7778,0.4535,0.4952,0.5022
4169,0.7236,0.8698,0.8974,0.7144,0.844,0.9515,0.9226,0.9336,0.7713,0.4643,0.4714,0.5468
4170,0.7226,0.8743,0.8841,0.7093,0.8393,0.9311,0.9116,0.9189,0.7553,0.452,0.4691,0.5318
4171,0.7212,0.8604,0.8543,0.7065,0.8053,0.9082,0.8895,0.8941,0.6968,0.4276,0.4474,0.4869
4172,0.7185,0.8638,0.8278,0.705,0.7914,0.8801,0.8776,0.8716,0.6755,0.4041,0.4414,0.4588
4173,0.7158,0.868,0.8377,0.7076,0.7732,0.8622,0.8622,0.8468,0.6769,0.3837,0.4384,0.4307
4174,0.7172,0.8699,0.8344,0.711,0.7771,0.8546,0.8639,0.8446,0.6955,0.3714,0.4613,0.4478
4175,0.7327,0.8594,0.8752,0.7189,0.796,0.876,0.8679,0.8587,0.7113,0.386,0.4885,0.4845
4176,0.7375,0.8541,0.8377,0.7237,0.7981,0.8827,0.8733,0.8727,0.7176,0.3837,0.5107,0.5084
4177,0.7409,0.8461,0.8543,0.7249,0.7956,0.8954,0.8844,0.8761,0.7251,0.3888,0.5284,0.5281
4178,0.7314,0.8453,0.8576,0.7203,0.7922,0.9018,0.898,0.8846,0.7287,0.3878,0.5344,0.5356
4179,0.728,0.8562,0.8692,0.7177,0.7853,0.9126,0.9167,0.8953,0.7281,0.3946,0.5254,0.5356
4180,0.7321,0.8655,0.8791,0.722,0.7904,0.9254,0.9286,0.8986,0.7287,0.3935,0.4984,0.5056
4181,0.7348,0.8646,0.8891,0.7203,0.7873,0.9324,0.9337,0.894,0.7281,0.399,0.4834,0.4888
4182,0.7351,0.8532,0.8868,0.723,0.7852,0.9152,0.9201,0.8879,0.7311,0.4236,0.4871,0.4896
4183,0.7267,0.8444,0.8974,0.7115,0.7806,0.9094,0.9226,0.8819,0.7367,0.448,0.4939,0.4888
4184,0.7246,0.8545,0.8916,0.7106,0.7839,0.9066,0.9188,0.8761,0.7319,0.4582,0.4871,0.4878
4185,0.7253,0.8613,0.8874,0.7033,0.7919,0.9107,0.9133,0.8833,0.7239,0.4633,0.4654,0.5009
4186,0.7212,0.8579,0.8808,0.7002,0.7971,0.9133,0.9082,0.8741,0.7136,0.4633,0.4624,0.5056
4187,0.7172,0.8209,0.8841,0.693,0.7991,0.9133,0.9022,0.8695,0.7154,0.4663,0.4646,0.5075
4188,0.7172,0.8276,0.8833,0.6923,0.7991,0.9158,0.9014,0.8649,0.7171,0.4582,0.4901,0.5028
4189,0.7165,0.8613,0.8924,0.6933,0.7879,0.9252,0.9068,0.8777,0.7391,0.4558,0.4986,0.4938
4190,0.7118,0.8899,0.9056,0.6983,0.7857,0.9381,0.9294,0.8964,0.7598,0.4536,0.4954,0.4897
4191,0.7037,0.8915,0.9089,0.7,0.7857,0.9475,0.9252,0.9099,0.7686,0.4566,0.4937,0.4906
4192,0.6955,0.8932,0.9073,0.7004,0.7885,0.953,0.9422,0.9144,0.7686,0.4612,0.489,0.5037
4193,0.6888,0.8915,0.9238,0.7025,0.7952,0.968,0.9388,0.9167,0.758,0.4694,0.4832,0.5187
4194,0.6817,0.8922,0.9272,0.6962,0.801,0.9643,0.9375,0.9234,0.7447,0.4694,0.4894,0.5506
4195,0.6783,0.8808,0.9106,0.694,0.806,0.9471,0.9086,0.9133,0.7287,0.4571,0.4804,0.5468
4196,0.6785,0.8684,0.8817,0.6885,0.796,0.9213,0.8857,0.8888,0.6771,0.4185,0.4618,0.5119
4197,0.6752,0.8478,0.8543,0.6923,0.7897,0.8948,0.8588,0.8559,0.6649,0.3806,0.4384,0.4813
4198,0.669,0.8377,0.8576,0.6898,0.7861,0.8878,0.8537,0.8401,0.6463,0.3653,0.4354,0.47
4199,0.6565,0.8394,0.894,0.683,0.7828,0.8954,0.8622,0.8288,0.6543,0.3939,0.4376,0.4729
4200,0.6468,0.8327,0.9007,0.6763,0.7847,0.9018,0.8699,0.8221,0.6649,0.4082,0.4432,0.4606
4201,0.6441,0.8377,0.8916,0.6729,0.7751,0.9031,0.8699,0.8198,0.6742,0.4138,0.4342,0.4409
4202,0.6522,0.8444,0.8841,0.6746,0.7704,0.9088,0.881,0.8288,0.6951,0.4306,0.4474,0.4382
4203,0.6666,0.858,0.8845,0.6766,0.7758,0.922,0.9157,0.8378,0.719,0.4346,0.4724,0.4546
4204,0.684,0.8512,0.8692,0.6792,0.7694,0.9308,0.9286,0.8671,0.743,0.4551,0.4704,0.4644
4205,0.6942,0.868,0.8742,0.6839,0.7684,0.9385,0.9456,0.8829,0.7626,0.4704,0.4691,0.4644
4206,0.7037,0.8831,0.8899,0.6915,0.7727,0.9426,0.9456,0.9122,0.7799,0.4949,0.4699,0.4551
4207,0.7077,0.9016,0.9023,0.694,0.7713,0.9432,0.9549,0.9302,0.7906,0.5143,0.4646,0.4438
4208,0.7091,0.9084,0.9189,0.6839,0.7737,0.9509,0.9607,0.9414,0.7982,0.5265,0.4714,0.4401
4209,0.7074,0.9067,0.9305,0.6873,0.7761,0.9541,0.9667,0.9459,0.7965,0.5263,0.4699,0.427
4210,0.707,0.8991,0.9362,0.6968,0.7791,0.9475,0.9718,0.9354,0.8137,0.513,0.467,0.4102
4211,0.7094,0.8907,0.9288,0.694,0.7812,0.9509,0.9745,0.9426,0.7979,0.4946,0.4564,0.4064
4212,0.7064,0.8836,0.9247,0.6923,0.7814,0.949,0.9719,0.9426,0.7926,0.4796,0.4466,0.3989
4213,0.6942,0.8789,0.9172,0.6805,0.7833,0.9509,0.9728,0.9505,0.7713,0.477,0.4339,0.3858
4214,0.6861,0.8726,0.9123,0.6822,0.7861,0.9496,0.9609,0.9459,0.739,0.4689,0.4128,0.3914
4215,0.6793,0.8629,0.9097,0.6826,0.7885,0.9362,0.9456,0.9291,0.7287,0.4653,0.4001,0.3558
4216,0.6832,0.86,0.9096,0.6877,0.7881,0.927,0.9354,0.9189,0.738,0.4796,0.3933,0.3352
4217,0.6937,0.8452,0.9125,0.6885,0.7892,0.9288,0.9159,0.8993,0.7561,0.521,0.3855,0.3233
4218,0.6999,0.8545,0.9102,0.6919,0.7799,0.9252,0.9099,0.9054,0.7743,0.5786,0.3933,0.309
4219,0.7037,0.8503,0.9048,0.6947,0.7809,0.9268,0.9086,0.9144,0.7713,0.6,0.3573,0.2809
4220,0.7044,0.8545,0.9007,0.7008,0.7881,0.9319,0.9167,0.9279,0.75,0.6204,0.2972,0.2575
4221,0.7075,0.8512,0.8907,0.7008,0.7896,0.9348,0.918,0.9279,0.7287,0.6204,0.2515,0.2266
4222,0.7119,0.8377,0.8767,0.7093,0.7918,0.926,0.9167,0.9155,0.6915,0.6041,0.2094,0.2093
4223,0.7152,0.831,0.8626,0.7101,0.79,0.9139,0.8963,0.8863,0.6436,0.551,0.1741,0.1798
4224,0.7156,0.8404,0.8505,0.7058,0.7899,0.8839,0.8794,0.8695,0.5865,0.4771,0.15,0.1487
4225,0.7043,0.836,0.8311,0.6957,0.7845,0.8463,0.8231,0.8097,0.5426,0.3857,0.1321,0.117
4226,0.7009,0.8478,0.8377,0.689,0.7784,0.8367,0.8163,0.786,0.5585,0.4082,0.1411,0.1161
4227,0.6969,0.8367,0.8609,0.6923,0.7718,0.8457,0.8469,0.7568,0.5957,0.4,0.1668,0.1199
4228,0.6982,0.8489,0.894,0.6852,0.7689,0.8724,0.8673,0.7568,0.6543,0.4327,0.1925,0.1236
4229,0.6962,0.8545,0.904,0.675,0.7646,0.9184,0.9014,0.8018,0.6862,0.4235,0.2148,0.1348
4230,0.6996,0.8596,0.8974,0.6737,0.7626,0.9439,0.9252,0.8367,0.7074,0.4582,0.2431,0.1704
4231,0.7084,0.8556,0.878,0.6837,0.763,0.9266,0.9344,0.9018,0.7278,0.5247,0.2708,0.2067
4232,0.7064,0.8453,0.8444,0.6839,0.7522,0.8929,0.9162,0.9369,0.7128,0.5388,0.3012,0.2257
4233,0.7016,0.8436,0.8338,0.6839,0.7503,0.8801,0.9107,0.9426,0.7101,0.5673,0.3243,0.2444
4234,0.6874,0.8428,0.8473,0.6822,0.7509,0.8817,0.9048,0.8874,0.6915,0.5347,0.3445,0.264
4235,0.6827,0.8478,0.8482,0.6771,0.7576,0.8855,0.8963,0.8682,0.6809,0.5306,0.3633,0.2893
4236,0.6861,0.8579,0.8503,0.6691,0.7678,0.8929,0.8963,0.8468,0.6702,0.5143,0.3888,0.323
4237,0.6918,0.8604,0.851,0.6703,0.7693,0.9011,0.8954,0.8491,0.6782,0.5265,0.3933,0.3333
4238,0.6889,0.8636,0.8556,0.6623,0.763,0.9062,0.8887,0.8498,0.696,0.5371,0.3972,0.3508
4239,0.6847,0.8634,0.8402,0.672,0.7608,0.911,0.8946,0.866,0.7314,0.5704,0.3843,0.327
4240,0.6847,0.8653,0.8477,0.6708,0.7608,0.9177,0.8963,0.8711,0.7447,0.5888,0.3903,0.3326
4241,0.6882,0.8655,0.8725,0.6716,0.7622,0.926,0.9099,0.8851,0.7606,0.6102,0.3993,0.3221
4242,0.6915,0.8705,0.8825,0.6691,0.7649,0.9311,0.9167,0.9003,0.7713,0.6321,0.4151,0.3221
4243,0.7042,0.8747,0.8907,0.6674,0.7739,0.9349,0.9209,0.9155,0.7766,0.6653,0.435,0.3279
4244,0.7077,0.8646,0.8862,0.667,0.7694,0.9206,0.9175,0.9234,0.7686,0.6776,0.4376,0.3474
4245,0.6904,0.849,0.8738,0.6647,0.7522,0.9051,0.9116,0.9119,0.7508,0.6836,0.418,0.3681
4246,0.6962,0.8377,0.859,0.6712,0.7464,0.8833,0.9093,0.9032,0.7262,0.6673,0.4031,0.3801
4247,0.693,0.8222,0.8477,0.6739,0.7426,0.8724,0.9072,0.888,0.7129,0.652,0.3933,0.3811
4248,0.6934,0.8184,0.844,0.682,0.7503,0.8763,0.8997,0.8643,0.7021,0.6247,0.3993,0.3745
4249,0.6934,0.8121,0.8444,0.6879,0.7598,0.8852,0.8929,0.8485,0.6835,0.5972,0.4083,0.3745
4250,0.6959,0.8041,0.8344,0.6805,0.7565,0.8871,0.8793,0.8243,0.6835,0.5449,0.3963,0.3708
4251,0.6955,0.8125,0.8386,0.6754,0.7498,0.8941,0.8895,0.8198,0.6875,0.5184,0.3723,0.3624
4252,0.6932,0.8295,0.8668,0.676,0.7414,0.9083,0.9164,0.8333,0.6828,0.5276,0.3333,0.3461
4253,0.6861,0.8377,0.8791,0.6759,0.734,0.9196,0.9303,0.8429,0.6862,0.5429,0.3303,0.3352
4254,0.6861,0.8396,0.8872,0.6744,0.7369,0.926,0.9311,0.8463,0.6915,0.5429,0.3355,0.3446
4255,0.6928,0.8354,0.8877,0.6737,0.7469,0.9235,0.9243,0.8457,0.7154,0.549,0.3573,0.3577
4256,0.6928,0.8352,0.8934,0.6636,0.7503,0.9298,0.9209,0.8525,0.7181,0.5592,0.3783,0.3708
4257,0.6894,0.8386,0.8853,0.6608,0.7579,0.9158,0.9135,0.8829,0.7128,0.5653,0.4001,0.3783
4258,0.6854,0.8377,0.876,0.6619,0.7558,0.9037,0.905,0.8829,0.6862,0.5551,0.4143,0.3825
4259,0.6865,0.8352,0.8598,0.6605,0.7495,0.8986,0.8931,0.8631,0.6656,0.5354,0.4229,0.367
4260,0.6827,0.8175,0.8642,0.6534,0.7454,0.8929,0.8861,0.8311,0.6755,0.5204,0.4354,0.3691
4261,0.6783,0.8108,0.8725,0.6475,0.744,0.9094,0.8895,0.8514,0.7021,0.5633,0.448,0.3736
4262,0.6719,0.8175,0.8866,0.6449,0.7454,0.9375,0.8971,0.8559,0.7447,0.6,0.4579,0.3848
4263,0.6675,0.8322,0.9007,0.6449,0.7459,0.9528,0.9103,0.8829,0.766,0.6449,0.4721,0.4064
4264,0.6625,0.8461,0.8957,0.6452,0.746,0.9694,0.923,0.9043,0.7926,0.6694,0.4849,0.4251
4265,0.6596,0.8562,0.8924,0.6481,0.7464,0.9617,0.9269,0.9324,0.7766,0.6939,0.4864,0.4307
4266,0.6566,0.8589,0.8738,0.6516,0.7394,0.9482,0.9324,0.9386,0.7583,0.6942,0.4792,0.4234
4267,0.661,0.8545,0.8663,0.661,0.7433,0.9413,0.9221,0.9414,0.7473,0.6939,0.4789,0.4719
4268,0.6627,0.8478,0.8601,0.6627,0.7409,0.9273,0.9154,0.9279,0.7128,0.6531,0.4654,0.4644
4269,0.6617,0.8346,0.8526,0.6555,0.7403,0.9082,0.9099,0.8941,0.6676,0.6092,0.4143,0.4357
4270,0.6631,0.8192,0.8394,0.6509,0.7387,0.8916,0.8912,0.8584,0.6383,0.5474,0.3693,0.4067
4271,0.6654,0.7929,0.8278,0.6437,0.7378,0.875,0.8793,0.8133,0.6117,0.4872,0.3363,0.3739
4272,0.6664,0.7839,0.8295,0.642,0.7412,0.874,0.8741,0.7973,0.6064,0.4653,0.3363,0.3633
4273,0.668,0.7936,0.8276,0.648,0.732,0.8796,0.8651,0.7554,0.6226,0.4211,0.3304,0.3427
4274,0.6653,0.794,0.8361,0.6465,0.7439,0.8701,0.8724,0.7748,0.6679,0.4327,0.3633,0.3446
4275,0.6644,0.799,0.8444,0.648,0.7407,0.8826,0.8856,0.781,0.6958,0.4367,0.3783,0.3446
4276,0.6632,0.8142,0.8651,0.649,0.7436,0.9046,0.9024,0.8316,0.734,0.5,0.4203,0.3701
4277,0.6612,0.8343,0.8791,0.6498,0.744,0.919,0.9171,0.8668,0.7553,0.551,0.4552,0.3984
4278,0.6576,0.8495,0.8874,0.6502,0.7436,0.9243,0.932,0.8998,0.75,0.6224,0.4864,0.4379
4279,0.6563,0.8461,0.8825,0.6513,0.7426,0.9263,0.9307,0.9189,0.738,0.6327,0.4984,0.4625
4280,0.658,0.8442,0.8878,0.6557,0.7374,0.9335,0.9264,0.9145,0.7246,0.6103,0.4624,0.4512
4281,0.6634,0.8293,0.8634,0.6593,0.7349,0.9219,0.9184,0.8964,0.7274,0.5898,0.4624,0.4476
4282,0.668,0.8209,0.8618,0.6602,0.7369,0.9187,0.9124,0.8874,0.7114,0.5847,0.4534,0.4527
4283,0.6727,0.8158,0.8519,0.653,0.742,0.9094,0.9048,0.8885,0.6888,0.5903,0.4684,0.4714
4284,0.676,0.8165,0.846,0.6519,0.7398,0.9048,0.8988,0.8874,0.6755,0.5944,0.4594,0.4757
4285,0.6779,0.8192,0.8393,0.6494,0.7349,0.9065,0.8898,0.8851,0.6809,0.6077,0.4335,0.4831
4286,0.6761,0.8201,0.8309,0.6494,0.733,0.8967,0.8753,0.8795,0.6749,0.5959,0.4102,0.4569
4287,0.6713,0.8087,0.8258,0.6486,0.7333,0.8782,0.8676,0.8679,0.6552,0.5813,0.3646,0.428
4288,0.6694,0.8062,0.8079,0.6492,0.7316,0.8597,0.8231,0.8485,0.6203,0.5528,0.3483,0.3764
4289,0.6651,0.8043,0.7997,0.6496,0.7302,0.8546,0.8299,0.8364,0.617,0.5408,0.3483,0.3558
4290,0.6617,0.799,0.8013,0.6532,0.734,0.8578,0.8367,0.8153,0.6489,0.5102,0.3833,0.367
4291,0.6536,0.799,0.803,0.6515,0.7263,0.8622,0.8537,0.8086,0.6755,0.5061,0.4196,0.397
4292,0.6509,0.8024,0.8179,0.6485,0.7282,0.8691,0.8707,0.8097,0.6968,0.5046,0.4498,0.4232
4293,0.6529,0.8032,0.8295,0.6483,0.7292,0.8763,0.881,0.8207,0.6968,0.5296,0.4864,0.4569
4294,0.658,0.7969,0.829,0.648,0.7347,0.8739,0.886,0.8368,0.6719,0.554,0.4919,0.466
4295,0.6582,0.8015,0.8278,0.6492,0.7349,0.8737,0.8776,0.8333,0.6596,0.5469,0.4984,0.4572
4296,0.6575,0.7931,0.8162,0.6517,0.7316,0.8648,0.8622,0.8221,0.6383,0.5469,0.4804,0.4391
4297,0.6561,0.7738,0.8007,0.6576,0.7273,0.8486,0.841,0.8063,0.5904,0.5235,0.4414,0.4312
4298,0.6543,0.7511,0.7829,0.6636,0.7225,0.831,0.8138,0.7793,0.5638,0.4939,0.4203,0.4314
4299,0.6507,0.751,0.7633,0.6653,0.7194,0.8095,0.7772,0.7432,0.5266,0.4633,0.4187,0.4284
4300,0.6509,0.7462,0.7483,0.6585,0.7137,0.7985,0.7653,0.7027,0.5213,0.4612,0.4235,0.4326
4301,0.6466,0.75,0.7433,0.6426,0.7104,0.7881,0.7715,0.6726,0.5227,0.4239,0.4256,0.4217
4302,0.6495,0.7452,0.75,0.6416,0.7193,0.801,0.7798,0.6712,0.5286,0.452,0.4564,0.427
4303,0.6499,0.7502,0.7583,0.6351,0.7256,0.8036,0.7795,0.6571,0.5286,0.4383,0.4444,0.4307
4304,0.6532,0.7536,0.7748,0.637,0.7321,0.8163,0.7814,0.6695,0.5279,0.4388,0.4173,0.4682
4305,0.6543,0.7536,0.7781,0.6368,0.7359,0.8214,0.7823,0.6802,0.5226,0.4204,0.4023,0.4719
4306,0.6546,0.7418,0.7699,0.6356,0.7359,0.8329,0.7815,0.6824,0.5173,0.3837,0.3783,0.4625
4307,0.6572,0.7418,0.7666,0.6344,0.7321,0.8335,0.7849,0.6734,0.5093,0.3551,0.4083,0.4635
4308,0.6618,0.7382,0.7624,0.6272,0.7286,0.8304,0.781,0.6546,0.4949,0.3421,0.4587,0.4267
4309,0.6677,0.7494,0.7666,0.6276,0.7196,0.8355,0.7925,0.6273,0.5186,0.3347,0.5164,0.4419
4310,0.6664,0.7469,0.7748,0.6221,0.7156,0.8342,0.8129,0.6216,0.5452,0.3531,0.5344,0.4494
4311,0.6671,0.7502,0.7947,0.6221,0.7139,0.8342,0.8435,0.6464,0.5984,0.4184,0.5555,0.4906
4312,0.6583,0.7502,0.7947,0.6196,0.7111,0.8291,0.8503,0.6723,0.6449,0.4653,0.5585,0.5094
4313,0.6539,0.72,0.7831,0.6212,0.7077,0.824,0.8537,0.6948,0.6915,0.5041,0.5645,0.5318
4314,0.6475,0.7099,0.7715,0.6259,0.7052,0.8265,0.8622,0.732,0.738,0.5633,0.5502,0.5318
4315,0.6413,0.7098,0.7619,0.6295,0.7037,0.8232,0.8663,0.7798,0.8077,0.6468,0.5377,0.5039
4316,0.6333,0.7099,0.7759,0.6297,0.7015,0.8495,0.8895,0.8378,0.8404,0.7306,0.5374,0.5019
4317,0.6302,0.7073,0.7759,0.6255,0.7,0.8546,0.8912,0.8761,0.8564,0.7592,0.5434,0.4953
4318,0.6363,0.709,0.7781,0.617,0.6982,0.8508,0.8905,0.9144,0.8404,0.7837,0.5581,0.5117
4319,0.6384,0.7082,0.7765,0.6136,0.697,0.8427,0.8831,0.9189,0.8298,0.7918,0.5682,0.5205
4320,0.6434,0.6956,0.7666,0.6136,0.6904,0.8354,0.881,0.9234,0.8404,0.8082,0.581,0.5318
4321,0.6455,0.6872,0.7532,0.6119,0.6893,0.8304,0.8648,0.9122,0.8032,0.7673,0.5825,0.5379
4322,0.658,0.6728,0.7414,0.6254,0.6929,0.8304,0.8586,0.8923,0.7275,0.7158,0.5617,0.5376
4323,0.6563,0.6661,0.7323,0.6212,0.7,0.8291,0.8335,0.8604,0.6862,0.6486,0.5453,0.5417
4324,0.659,0.6375,0.7185,0.6238,0.6933,0.8112,0.8168,0.8288,0.6915,0.6047,0.5393,0.5365
4325,0.6538,0.6258,0.7003,0.6136,0.6802,0.7908,0.8061,0.7973,0.7101,0.5388,0.5224,0.5243
4326,0.6467,0.6089,0.6871,0.6102,0.6696,0.7806,0.8061,0.7613,0.7394,0.498,0.5344,0.5206
4327,0.6382,0.6022,0.6871,0.6068,0.668,0.7832,0.8168,0.7297,0.7473,0.5265,0.5389,0.5206
4328,0.6373,0.5988,0.6738,0.6026,0.6546,0.7857,0.8503,0.7387,0.7899,0.5959,0.5885,0.5468
4329,0.6408,0.6061,0.6729,0.5962,0.6392,0.778,0.8616,0.7978,0.8212,0.6968,0.6284,0.5866
4330,0.6394,0.582,0.6507,0.5933,0.6188,0.7615,0.8707,0.8243,0.8368,0.7469,0.6485,0.6105
4331,0.6346,0.5633,0.6358,0.584,0.6031,0.7478,0.852,0.8468,0.8497,0.7628,0.6545,0.6086
4332,0.6309,0.5377,0.6093,0.5764,0.5833,0.7395,0.8299,0.8536,0.8537,0.7776,0.6575,0.5969
4333,0.6253,0.5143,0.5828,0.5637,0.566,0.7226,0.8112,0.8514,0.8484,0.8015,0.6575,0.6016
4334,0.6171,0.4887,0.5546,0.5535,0.5397,0.7092,0.7874,0.8581,0.8457,0.8327,0.6575,0.6161
4335,0.6008,0.4559,0.5182,0.5349,0.5005,0.662,0.7449,0.8514,0.8278,0.8327,0.6455,0.6063
4336,0.5818,0.4203,0.4781,0.5163,0.454,0.6071,0.7165,0.8134,0.783,0.8054,0.6078,0.584
4337,0.5521,0.3709,0.4371,0.4841,0.4038,0.5434,0.6505,0.7703,0.7281,0.751,0.5855,0.5641
4338,0.5345,0.3482,0.4123,0.4714,0.3732,0.4898,0.6173,0.7151,0.7128,0.7235,0.5765,0.5618
4339,0.5196,0.323,0.3775,0.4604,0.3598,0.4592,0.585,0.6847,0.7154,0.6857,0.5855,0.5702
4340,0.5142,0.3095,0.3642,0.457,0.3445,0.4388,0.5714,0.6227,0.7314,0.6694,0.5945,0.5843
4341,0.498,0.2961,0.3709,0.4621,0.3407,0.449,0.5442,0.5946,0.7377,0.6449,0.6035,0.5964
4342,0.5129,0.3129,0.4007,0.4654,0.3502,0.482,0.574,0.5845,0.7552,0.6673,0.6065,0.6067
4343,0.5237,0.3503,0.4191,0.4857,0.384,0.5278,0.6421,0.6229,0.7785,0.7094,0.5884,0.6173
4344,0.5467,0.3936,0.4652,0.5111,0.4275,0.5722,0.6939,0.6649,0.8049,0.7378,0.5825,0.6229
4345,0.5622,0.4163,0.4884,0.5214,0.4579,0.6113,0.7347,0.6963,0.8221,0.7689,0.5945,0.6304
4346,0.5765,0.4399,0.5174,0.5248,0.4909,0.6403,0.7653,0.7342,0.8404,0.7878,0.6305,0.6367
4347,0.5873,0.466,0.543,0.5281,0.5187,0.6849,0.7993,0.768,0.8564,0.8041,0.6425,0.6367
4348,0.5961,0.4929,0.5762,0.5451,0.5512,0.7194,0.8299,0.8041,0.8723,0.8224,0.6305,0.6423
4349,0.6069,0.508,0.5977,0.562,0.5703,0.7423,0.8299,0.8198,0.8617,0.8163,0.608,0.6292
4350,0.6132,0.518,0.6133,0.5728,0.594,0.745,0.8079,0.8194,0.7958,0.8088,0.5841,0.6102
4351,0.6255,0.5265,0.6209,0.584,0.6,0.7372,0.801,0.8108,0.7872,0.7612,0.5269,0.5749
4352,0.6306,0.5316,0.6333,0.5904,0.6125,0.7398,0.8095,0.8131,0.7819,0.7403,0.5224,0.5412
4353,0.634,0.5618,0.6507,0.5918,0.6259,0.7628,0.8299,0.7973,0.7852,0.7184,0.5434,0.5094
4354,0.6373,0.5988,0.673,0.5943,0.6402,0.7883,0.8529,0.8131,0.8019,0.7184,0.569,0.5094
4355,0.6414,0.6426,0.7003,0.5973,0.645,0.8125,0.8861,0.8114,0.8195,0.7503,0.5862,0.5096
4356,0.6387,0.6649,0.7202,0.5997,0.6503,0.8278,0.9014,0.826,0.8295,0.7598,0.5975,0.5393
4357,0.637,0.643,0.7391,0.6015,0.6659,0.8437,0.9027,0.846,0.8549,0.8039,0.621,0.5549
4358,0.6313,0.6413,0.7392,0.5984,0.6761,0.8367,0.9069,0.8649,0.8457,0.7939,0.6125,0.552
4359,0.6292,0.6485,0.7577,0.5975,0.6852,0.8559,0.9141,0.8806,0.8617,0.7898,0.6185,0.5492
4360,0.6319,0.664,0.7682,0.5992,0.6909,0.8699,0.9171,0.8801,0.8762,0.7857,0.6144,0.5412
4361,0.6279,0.6771,0.7947,0.5967,0.7015,0.8852,0.9284,0.8958,0.8885,0.8143,0.6335,0.5412
4362,0.6272,0.6897,0.7947,0.5994,0.7034,0.9158,0.938,0.9054,0.9049,0.851,0.6403,0.5412
4363,0.6272,0.7027,0.7972,0.6009,0.7019,0.9235,0.9439,0.9178,0.9096,0.8857,0.6478,0.5407
4364,0.628,0.7121,0.8137,0.6021,0.7017,0.9177,0.9411,0.9284,0.917,0.92,0.6463,0.5427
4365,0.6278,0.7317,0.8096,0.6111,0.6981,0.9088,0.9371,0.9381,0.9082,0.9306,0.6313,0.5524
4366,0.6273,0.7385,0.8096,0.6111,0.7,0.9027,0.9252,0.9414,0.9006,0.9143,0.638,0.5609
4367,0.6258,0.7431,0.803,0.6018,0.7,0.8922,0.9167,0.9347,0.884,0.8898,0.6575,0.5796
4368,0.6231,0.7397,0.8079,0.5975,0.7024,0.8884,0.9116,0.9223,0.872,0.8571,0.6635,0.6039
4369,0.6184,0.7456,0.8129,0.5959,0.7067,0.8852,0.9175,0.9088,0.867,0.8163,0.6673,0.6414
4370,0.6089,0.7486,0.822,0.5952,0.7091,0.8862,0.9188,0.9054,0.859,0.7918,0.6654,0.6554
4371,0.6004,0.7486,0.8356,0.5968,0.7057,0.8839,0.9248,0.8993,0.8452,0.8051,0.6529,0.6304
4372,0.5981,0.7704,0.8444,0.5975,0.6976,0.8772,0.9235,0.9122,0.8205,0.7837,0.6504,0.588
4373,0.6062,0.7629,0.8411,0.6014,0.6952,0.8717,0.9252,0.9032,0.8218,0.7714,0.638,0.588
4374,0.6211,0.7317,0.8212,0.6026,0.6981,0.8673,0.9048,0.8694,0.8125,0.7429,0.6185,0.6086
4375,0.6265,0.7284,0.8179,0.6064,0.6962,0.8699,0.9048,0.8581,0.8152,0.6939,0.6185,0.618
4376,0.6265,0.7502,0.8195,0.6055,0.6954,0.8839,0.9065,0.8378,0.8125,0.6939,0.6365,0.6138
4377,0.6194,0.7772,0.82,0.6066,0.6938,0.8916,0.9218,0.8491,0.8032,0.6694,0.6275,0.6091
4378,0.6118,0.7775,0.8337,0.6033,0.6889,0.9019,0.9319,0.8679,0.8227,0.7551,0.6092,0.6131
4379,0.6059,0.7999,0.8286,0.6069,0.6885,0.9005,0.9473,0.9054,0.7979,0.751,0.5765,0.6067
4380,0.603,0.7973,0.8303,0.6043,0.689,0.898,0.932,0.9009,0.7686,0.7347,0.554,0.5964
4381,0.6057,0.7805,0.8228,0.5992,0.6909,0.8827,0.9048,0.8694,0.6888,0.6776,0.5224,0.5665
4382,0.6057,0.7536,0.803,0.5891,0.6909,0.8648,0.8844,0.8378,0.6356,0.6082,0.5014,0.544
4383,0.6022,0.7401,0.7748,0.5908,0.6852,0.8367,0.8707,0.8029,0.6277,0.4939,0.5044,0.5028
4384,0.6001,0.7334,0.7649,0.5844,0.6775,0.8061,0.8741,0.7753,0.6423,0.449,0.5044,0.4869
4385,0.6008,0.7562,0.7713,0.5744,0.6774,0.8118,0.8707,0.7173,0.6887,0.5009,0.5711,0.5452
4386,0.6032,0.7599,0.7901,0.5654,0.6883,0.8304,0.8903,0.7523,0.7424,0.548,0.5915,0.573
4387,0.6056,0.7692,0.7947,0.5586,0.6899,0.8436,0.895,0.7568,0.7713,0.5709,0.6185,0.5824
4388,0.6049,0.7726,0.8079,0.5527,0.6964,0.8634,0.915,0.8018,0.7713,0.6036,0.626,0.5955
4389,0.6035,0.7708,0.8146,0.551,0.7024,0.8811,0.9167,0.8288,0.7766,0.6168,0.6455,0.6021
4390,0.6049,0.7694,0.8262,0.5518,0.7072,0.9107,0.9243,0.8446,0.7965,0.6531,0.6891,0.6199
4391,0.6032,0.7738,0.8274,0.5614,0.7043,0.9133,0.9269,0.8457,0.8158,0.6724,0.6966,0.6358
4392,0.6089,0.7879,0.8193,0.5749,0.7017,0.8922,0.942,0.8495,0.8339,0.6876,0.6889,0.6739
4393,0.6001,0.7906,0.8063,0.576,0.6909,0.8673,0.9405,0.8494,0.8338,0.698,0.6545,0.6742
4394,0.6049,0.7889,0.8212,0.5807,0.6986,0.8724,0.9447,0.8592,0.8424,0.7143,0.6876,0.6891
4395,0.6055,0.7839,0.8311,0.5817,0.6967,0.898,0.9456,0.8671,0.865,0.7429,0.6936,0.6685
4396,0.6072,0.7805,0.8477,0.5822,0.712,0.9133,0.9592,0.8716,0.87,0.7918,0.7206,0.6826
4397,0.6057,0.7872,0.851,0.5861,0.7139,0.9158,0.9626,0.8964,0.875,0.8327,0.7236,0.6742
4398,0.6052,0.7957,0.8526,0.584,0.7139,0.9031,0.956,0.9189,0.8617,0.8204,0.7266,0.6779
4399,0.6051,0.794,0.8374,0.5859,0.7084,0.8857,0.9252,0.9148,0.8384,0.7775,0.7293,0.6819
4400,0.6028,0.7671,0.8228,0.5781,0.7034,0.8744,0.9018,0.902,0.8182,0.749,0.6966,0.6835
4401,0.6015,0.757,0.8204,0.5785,0.6967,0.8776,0.9065,0.893,0.7982,0.7194,0.6846,0.6725
4402,0.6008,0.7603,0.8212,0.5777,0.6871,0.8788,0.9054,0.8829,0.7736,0.6837,0.6185,0.6433
4403,0.5995,0.7658,0.8245,0.5765,0.6852,0.889,0.9114,0.875,0.7443,0.6633,0.5885,0.6236
4404,0.5954,0.7692,0.8411,0.574,0.6812,0.8967,0.9162,0.8468,0.7181,0.6122,0.5585,0.6058
4405,0.5913,0.7704,0.851,0.5739,0.6853,0.9015,0.9252,0.8468,0.7261,0.6122,0.5645,0.6105
4406,0.5985,0.7595,0.8509,0.5749,0.6889,0.8915,0.9373,0.8124,0.7621,0.5831,0.5828,0.5933
4407,0.5913,0.7536,0.8543,0.576,0.6989,0.8882,0.943,0.8423,0.7999,0.6265,0.6178,0.6313
4408,0.5954,0.7603,0.8411,0.573,0.6967,0.8862,0.949,0.8446,0.8251,0.6327,0.638,0.6456
4409,0.6022,0.794,0.8377,0.5655,0.6833,0.8827,0.9528,0.8705,0.8511,0.6735,0.6635,0.6667
4410,0.6069,0.7973,0.8427,0.5614,0.6833,0.8878,0.9596,0.8964,0.8777,0.7245,0.6786,0.6966
4411,0.6001,0.805,0.8411,0.5577,0.6828,0.8878,0.9724,0.9291,0.8883,0.7714,0.6786,0.7191
4412,0.5927,0.7929,0.832,0.5546,0.6799,0.8852,0.9634,0.9369,0.883,0.8,0.6966,0.7191
4413,0.5809,0.8049,0.8244,0.5489,0.6862,0.876,0.9474,0.9411,0.8542,0.7947,0.6577,0.6941
4414,0.5765,0.7603,0.8096,0.5485,0.673,0.8641,0.9269,0.9054,0.8032,0.7796,0.6786,0.6891
4415,0.5696,0.7536,0.8104,0.5478,0.675,0.854,0.915,0.9099,0.8085,0.7551,0.6816,0.6985
4416,0.5679,0.7536,0.8088,0.5507,0.6641,0.8508,0.915,0.8829,0.8617,0.7143,0.7356,0.7266
4417,0.5647,0.7637,0.8204,0.5533,0.6641,0.8673,0.9252,0.8739,0.9016,0.7265,0.7596,0.7397
4418,0.5572,0.7704,0.8195,0.5557,0.667,0.8852,0.9286,0.8941,0.9441,0.7714,0.7746,0.7528
4419,0.5572,0.7755,0.8311,0.5565,0.667,0.8954,0.9354,0.9212,0.9468,0.7755,0.7626,0.7491
4420,0.5632,0.8168,0.8356,0.5586,0.6761,0.9062,0.9411,0.9474,0.9365,0.8235,0.7697,0.7388
4421,0.5702,0.7923,0.8295,0.5595,0.6546,0.8852,0.9396,0.9459,0.8989,0.7694,0.7116,0.723
4422,0.5683,0.8058,0.8179,0.555,0.6526,0.8905,0.9413,0.9479,0.8883,0.7653,0.6996,0.7081
4423,0.5609,0.8074,0.8076,0.5427,0.655,0.8944,0.9439,0.9389,0.8903,0.7551,0.6906,0.6943
4424,0.5562,0.8108,0.8062,0.5336,0.6593,0.8945,0.9388,0.9279,0.893,0.7694,0.6695,0.6812
4425,0.5494,0.8007,0.7998,0.5315,0.6644,0.8964,0.9473,0.9234,0.893,0.8,0.6485,0.6648
4426,0.548,0.8007,0.8046,0.5298,0.6689,0.8996,0.9422,0.9234,0.8956,0.8089,0.6335,0.6592
4427,0.5599,0.8011,0.8016,0.5343,0.6741,0.9026,0.9467,0.9433,0.9021,0.7927,0.6976,0.676
4428,0.5562,0.8116,0.8195,0.529,0.6756,0.9145,0.9413,0.9505,0.9089,0.7952,0.7266,0.7004
4429,0.5548,0.7999,0.8162,0.5315,0.6756,0.9107,0.9388,0.9459,0.9029,0.7913,0.7506,0.7266
4430,0.5447,0.7721,0.8046,0.5239,0.6718,0.9098,0.9318,0.9302,0.8856,0.7875,0.7416,0.764
4431,0.5345,0.7536,0.8046,0.5231,0.6651,0.8973,0.9235,0.9167,0.8697,0.7786,0.7116,0.794
4432,0.525,0.7301,0.8049,0.5193,0.6672,0.8913,0.9118,0.9138,0.8378,0.7742,0.6605,0.794
4433,0.5287,0.7401,0.8138,0.521,0.6692,0.8865,0.915,0.9103,0.8457,0.7663,0.6695,0.7715
4434,0.537,0.7647,0.8137,0.5204,0.6726,0.8796,0.9066,0.9043,0.8235,0.7471,0.6068,0.6713
4435,0.5412,0.794,0.8212,0.5226,0.6704,0.8827,0.9133,0.8941,0.8644,0.7296,0.6786,0.6517
4436,0.5447,0.8041,0.8228,0.5223,0.6689,0.8941,0.9218,0.9099,0.8617,0.7592,0.6816,0.6592
4437,0.5473,0.794,0.8411,0.5212,0.668,0.9056,0.949,0.9279,0.883,0.7735,0.7476,0.6891
4438,0.5474,0.7906,0.8411,0.5207,0.668,0.9082,0.9762,0.955,0.9043,0.8163,0.7926,0.7378
4439,0.5489,0.7822,0.8427,0.5188,0.6794,0.9184,1,0.9685,0.9009,0.8714,0.8107,0.7865
4440,0.5497,0.7772,0.8237,0.5256,0.6857,0.9031,0.9864,0.964,0.9122,0.8755,0.8047,0.7996
4441,0.5537,0.7789,0.7992,0.5351,0.6706,0.8721,0.9445,0.9525,0.8684,0.8157,0.7902,0.8016
4442,0.5555,0.7706,0.7624,0.5485,0.6672,0.8335,0.9286,0.9167,0.8816,0.7735,0.7926,0.8052
4443,0.5595,0.7786,0.7562,0.5552,0.6617,0.8265,0.9209,0.9032,0.8828,0.7673,0.7964,0.8052
4444,0.5677,0.7704,0.7914,0.5514,0.6546,0.8616,0.9354,0.9009,0.8939,0.8204,0.8174,0.7959
4445,0.5727,0.7805,0.8042,0.5502,0.6498,0.8776,0.9447,0.9122,0.9049,0.8571,0.8242,0.7959
4446,0.5765,0.7755,0.8113,0.5468,0.6498,0.9082,0.9422,0.9482,0.9176,0.9082,0.8137,0.8315
4447,0.5798,0.7856,0.8195,0.5434,0.6526,0.9031,0.9405,0.9561,0.9202,0.9122,0.8047,0.8624
4448,0.5875,0.7666,0.8071,0.5511,0.6516,0.8961,0.9425,0.9687,0.9193,0.9096,0.803,0.8564
4449,0.5886,0.7864,0.8102,0.5499,0.6531,0.8941,0.9473,0.9696,0.9122,0.8898,0.7926,0.8661
4450,0.5869,0.7772,0.804,0.5521,0.6546,0.889,0.9413,0.9685,0.8989,0.8796,0.7506,0.8427
4451,0.5846,0.7738,0.8063,0.5527,0.6622,0.8929,0.9388,0.955,0.881,0.8816,0.7086,0.8539
4452,0.5853,0.7671,0.798,0.5527,0.6617,0.8878,0.9218,0.9437,0.8477,0.8735,0.6365,0.794
4453,0.588,0.757,0.7973,0.5552,0.667,0.8871,0.9158,0.9324,0.7945,0.8571,0.5885,0.7341
4454,0.5886,0.7452,0.793,0.5569,0.6708,0.8827,0.9014,0.9043,0.7713,0.8204,0.5735,0.6442
4455,0.5932,0.7666,0.7894,0.5532,0.6615,0.8527,0.8948,0.872,0.7741,0.7844,0.6037,0.6401
4456,0.5859,0.7654,0.786,0.5529,0.6699,0.852,0.8899,0.8378,0.7713,0.7571,0.6245,0.6742
4457,0.5846,0.7805,0.7844,0.5531,0.6651,0.8444,0.8818,0.8243,0.7806,0.7459,0.6395,0.7116
4458,0.5756,0.7603,0.7831,0.5557,0.6646,0.852,0.881,0.8356,0.7926,0.7362,0.6485,0.7715
4459,0.5704,0.7637,0.7864,0.5563,0.6627,0.8648,0.8827,0.8446,0.7952,0.7217,0.6725,0.8052
4460,0.5616,0.7536,0.7798,0.5578,0.6584,0.8731,0.8952,0.8547,0.7912,0.6959,0.6906,0.7865
4461,0.5595,0.7587,0.7802,0.5531,0.6555,0.8718,0.9022,0.8637,0.8012,0.6939,0.7086,0.7809
4462,0.568,0.7566,0.7941,0.5449,0.6588,0.8724,0.9152,0.878,0.8377,0.7109,0.7895,0.8016
4463,0.5754,0.7704,0.8026,0.5434,0.6641,0.8705,0.9201,0.9009,0.8577,0.7469,0.8167,0.8221
4464,0.5768,0.762,0.803,0.5351,0.6641,0.8661,0.9254,0.9077,0.859,0.7653,0.8457,0.8296
4465,0.5781,0.7452,0.7908,0.5332,0.6627,0.8546,0.9206,0.9032,0.879,0.8102,0.8446,0.8268
4466,0.5732,0.7351,0.7825,0.5214,0.6603,0.8495,0.9192,0.9077,0.8843,0.8327,0.8514,0.8277
4467,0.5735,0.7305,0.7642,0.5121,0.6565,0.8189,0.9158,0.9081,0.8883,0.8531,0.8553,0.8399
4468,0.5687,0.7254,0.7568,0.4968,0.6522,0.824,0.9226,0.906,0.8856,0.8531,0.8827,0.8502
4469,0.5647,0.7188,0.7834,0.4861,0.6563,0.8534,0.9139,0.9031,0.9028,0.8421,0.8968,0.8645
4470,0.5568,0.7292,0.7965,0.4774,0.6562,0.8705,0.9286,0.902,0.9129,0.8265,0.9248,0.8652
4471,0.5555,0.7435,0.8013,0.4774,0.6581,0.882,0.9388,0.9116,0.9289,0.8316,0.9157,0.867
4472,0.5521,0.757,0.8046,0.4918,0.6565,0.8852,0.9558,0.9319,0.9455,0.8551,0.9248,0.8914
4473,0.5575,0.757,0.7947,0.4994,0.6526,0.8916,0.9626,0.9493,0.9588,0.8653,0.9067,0.8914
4474,0.5551,0.7553,0.8038,0.5146,0.6568,0.9082,0.9639,0.9662,0.9707,0.8857,0.9278,0.912
4475,0.5572,0.7547,0.8063,0.5205,0.6552,0.9018,0.9543,0.9673,0.9641,0.9143,0.9578,0.9176
4476,0.5699,0.7552,0.8132,0.5325,0.6643,0.9126,0.9467,0.9687,0.9889,0.9573,0.9538,0.9307
4477,0.5629,0.7541,0.8079,0.5383,0.6507,0.898,0.9394,0.973,0.9734,0.9633,0.9353,0.9064
4478,0.5643,0.7486,0.8013,0.5365,0.6488,0.8846,0.9252,0.9617,0.9707,0.9551,0.9353,0.9139
4479,0.5598,0.7368,0.7699,0.5328,0.6431,0.8469,0.9022,0.9392,0.9282,0.9306,0.9097,0.9363
4480,0.5571,0.7149,0.7334,0.5311,0.6297,0.8233,0.8852,0.9099,0.9176,0.8735,0.9308,0.9326
4481,0.5532,0.7065,0.755,0.5265,0.6201,0.8214,0.8673,0.8919,0.9149,0.849,0.9428,0.9213
4482,0.5511,0.7116,0.7715,0.5273,0.6254,0.8367,0.8827,0.8919,0.9282,0.8653,0.9488,0.9139
4483,0.549,0.7448,0.7806,0.5279,0.6321,0.8667,0.8994,0.891,0.9635,0.9142,0.9403,0.907
4484,0.548,0.778,0.7786,0.5328,0.641,0.8903,0.9209,0.955,1,0.9755,0.9338,0.9157
4485,0.5487,0.7738,0.7885,0.5368,0.6497,0.9056,0.9252,0.9595,1,0.9878,0.9285,0.9185
4486,0.5629,0.7536,0.7885,0.5436,0.6574,0.8941,0.9188,0.9505,0.9734,0.9796,0.9022,0.9326
4487,0.5653,0.7301,0.7984,0.5493,0.6488,0.8827,0.9167,0.9505,0.9362,0.9714,0.8872,0.9345
4488,0.5683,0.7494,0.7914,0.5535,0.6507,0.8559,0.9103,0.9448,0.9255,0.9633,0.8887,0.9139
4489,0.5562,0.7477,0.7856,0.5552,0.6488,0.8469,0.915,0.9369,0.9176,0.9265,0.8887,0.9026
4490,0.5532,0.7519,0.7852,0.5549,0.6471,0.8599,0.9183,0.9135,0.9305,0.9191,0.9342,0.9307
4491,0.5562,0.7521,0.7798,0.5552,0.6354,0.8635,0.9456,0.9155,0.9362,0.901,0.9127,0.9419
4492,0.5595,0.7546,0.7881,0.5518,0.6378,0.8776,0.9524,0.9133,0.9388,0.8898,0.9187,0.9438
4493,0.5582,0.758,0.8046,0.5451,0.6503,0.8903,0.9413,0.9172,0.9362,0.8939,0.9127,0.9288
4494,0.5602,0.76,0.8079,0.5451,0.655,0.8929,0.9337,0.9133,0.9335,0.8776,0.9067,0.9307
4495,0.5636,0.7696,0.798,0.5426,0.6565,0.8957,0.9252,0.9093,0.9441,0.8735,0.8887,0.9307
4496,0.5629,0.7654,0.8013,0.5414,0.6498,0.8941,0.9235,0.9122,0.9455,0.876,0.9007,0.9432
4497,0.5713,0.7666,0.8067,0.5521,0.6459,0.8904,0.9357,0.9208,0.9717,0.9257,0.9626,0.961
4498,0.5656,0.7401,0.8121,0.5485,0.6392,0.8827,0.9358,0.9437,0.9814,0.9745,0.9758,0.9973
4499,0.5656,0.7469,0.8079,0.5485,0.639,0.8878,0.9418,0.9426,0.992,1,0.9976,1
4500,0.5558,0.7486,0.8146,0.5366,0.639,0.8941,0.9439,0.9459,0.9887,0.9796,1,0.9775
